Sexo;Tiempo de permanencia en la misma empresa;Personas sin y con discapacidad;año;Total
Ambos sexos;Total;Total;2020;18.957,5
Ambos sexos;Total;Total;2019;19.567,9
Ambos sexos;Total;Total;2018;19.136,3
Ambos sexos;Total;Total;2017;18.648,5
Ambos sexos;Total;Total;2016;18.182,7
Ambos sexos;Total;Total;2015;17.717,5
Ambos sexos;Total;Total;2014;17.210,5
Ambos sexos;Total;Personas sin discapacidad;2020;18.441,2
Ambos sexos;Total;Personas sin discapacidad;2019;19.082,0
Ambos sexos;Total;Personas sin discapacidad;2018;18.646,8
Ambos sexos;Total;Personas sin discapacidad;2017;18.167,6
Ambos sexos;Total;Personas sin discapacidad;2016;17.720,7
Ambos sexos;Total;Personas sin discapacidad;2015;17.302,7
Ambos sexos;Total;Personas sin discapacidad;2014;16.816,1
Ambos sexos;Total;Personas con discapacidad;2020;516,3
Ambos sexos;Total;Personas con discapacidad;2019;485,9
Ambos sexos;Total;Personas con discapacidad;2018;489,5
Ambos sexos;Total;Personas con discapacidad;2017;481,0
Ambos sexos;Total;Personas con discapacidad;2016;462,0
Ambos sexos;Total;Personas con discapacidad;2015;414,8
Ambos sexos;Total;Personas con discapacidad;2014;394,4
Ambos sexos;Total;Porcentaje vertical: Total;2020;100,0
Ambos sexos;Total;Porcentaje vertical: Total;2019;100,0
Ambos sexos;Total;Porcentaje vertical: Total;2018;100,0
Ambos sexos;Total;Porcentaje vertical: Total;2017;100,0
Ambos sexos;Total;Porcentaje vertical: Total;2016;100,0
Ambos sexos;Total;Porcentaje vertical: Total;2015;100,0
Ambos sexos;Total;Porcentaje vertical: Total;2014;100,0
Ambos sexos;Total;Porcentaje vertical: Personas sin discapacidad;2020;100,0
Ambos sexos;Total;Porcentaje vertical: Personas sin discapacidad;2019;100,0
Ambos sexos;Total;Porcentaje vertical: Personas sin discapacidad;2018;100,0
Ambos sexos;Total;Porcentaje vertical: Personas sin discapacidad;2017;100,0
Ambos sexos;Total;Porcentaje vertical: Personas sin discapacidad;2016;100,0
Ambos sexos;Total;Porcentaje vertical: Personas sin discapacidad;2015;100,0
Ambos sexos;Total;Porcentaje vertical: Personas sin discapacidad;2014;100,0
Ambos sexos;Total;Porcentaje vertical: Personas con discapacidad;2020;100,0
Ambos sexos;Total;Porcentaje vertical: Personas con discapacidad;2019;100,0
Ambos sexos;Total;Porcentaje vertical: Personas con discapacidad;2018;100,0
Ambos sexos;Total;Porcentaje vertical: Personas con discapacidad;2017;100,0
Ambos sexos;Total;Porcentaje vertical: Personas con discapacidad;2016;100,0
Ambos sexos;Total;Porcentaje vertical: Personas con discapacidad;2015;100,0
Ambos sexos;Total;Porcentaje vertical: Personas con discapacidad;2014;100,0
Ambos sexos;Menos de 6 meses;Total;2020;1.717,9
Ambos sexos;Menos de 6 meses;Total;2019;2.163,9
Ambos sexos;Menos de 6 meses;Total;2018;2.179,7
Ambos sexos;Menos de 6 meses;Total;2017;2.117,6
Ambos sexos;Menos de 6 meses;Total;2016;1.973,4
Ambos sexos;Menos de 6 meses;Total;2015;1.909,5
Ambos sexos;Menos de 6 meses;Total;2014;1.761,9
Ambos sexos;Menos de 6 meses;Personas sin discapacidad;2020;1.675,1
Ambos sexos;Menos de 6 meses;Personas sin discapacidad;2019;2.112,5
Ambos sexos;Menos de 6 meses;Personas sin discapacidad;2018;2.125,8
Ambos sexos;Menos de 6 meses;Personas sin discapacidad;2017;2.067,7
Ambos sexos;Menos de 6 meses;Personas sin discapacidad;2016;1.933,9
Ambos sexos;Menos de 6 meses;Personas sin discapacidad;2015;1.872,4
Ambos sexos;Menos de 6 meses;Personas sin discapacidad;2014;1.731,9
Ambos sexos;Menos de 6 meses;Personas con discapacidad;2020;42,8
Ambos sexos;Menos de 6 meses;Personas con discapacidad;2019;51,3
Ambos sexos;Menos de 6 meses;Personas con discapacidad;2018;54,0
Ambos sexos;Menos de 6 meses;Personas con discapacidad;2017;49,8
Ambos sexos;Menos de 6 meses;Personas con discapacidad;2016;39,5
Ambos sexos;Menos de 6 meses;Personas con discapacidad;2015;37,2
Ambos sexos;Menos de 6 meses;Personas con discapacidad;2014;30,1
Ambos sexos;Menos de 6 meses;Porcentaje vertical: Total;2020;9,1
Ambos sexos;Menos de 6 meses;Porcentaje vertical: Total;2019;11,1
Ambos sexos;Menos de 6 meses;Porcentaje vertical: Total;2018;11,4
Ambos sexos;Menos de 6 meses;Porcentaje vertical: Total;2017;11,4
Ambos sexos;Menos de 6 meses;Porcentaje vertical: Total;2016;10,9
Ambos sexos;Menos de 6 meses;Porcentaje vertical: Total;2015;10,8
Ambos sexos;Menos de 6 meses;Porcentaje vertical: Total;2014;10,2
Ambos sexos;Menos de 6 meses;Porcentaje vertical: Personas sin discapacidad;2020;9,1
Ambos sexos;Menos de 6 meses;Porcentaje vertical: Personas sin discapacidad;2019;11,1
Ambos sexos;Menos de 6 meses;Porcentaje vertical: Personas sin discapacidad;2018;11,4
Ambos sexos;Menos de 6 meses;Porcentaje vertical: Personas sin discapacidad;2017;11,4
Ambos sexos;Menos de 6 meses;Porcentaje vertical: Personas sin discapacidad;2016;10,9
Ambos sexos;Menos de 6 meses;Porcentaje vertical: Personas sin discapacidad;2015;10,8
Ambos sexos;Menos de 6 meses;Porcentaje vertical: Personas sin discapacidad;2014;10,3
Ambos sexos;Menos de 6 meses;Porcentaje vertical: Personas con discapacidad;2020;8,3
Ambos sexos;Menos de 6 meses;Porcentaje vertical: Personas con discapacidad;2019;10,6
Ambos sexos;Menos de 6 meses;Porcentaje vertical: Personas con discapacidad;2018;11,0
Ambos sexos;Menos de 6 meses;Porcentaje vertical: Personas con discapacidad;2017;10,4
Ambos sexos;Menos de 6 meses;Porcentaje vertical: Personas con discapacidad;2016;8,5
Ambos sexos;Menos de 6 meses;Porcentaje vertical: Personas con discapacidad;2015;9,0
Ambos sexos;Menos de 6 meses;Porcentaje vertical: Personas con discapacidad;2014;7,6
Ambos sexos;De 6 meses a 1 años;Total;2020;1.134,7
Ambos sexos;De 6 meses a 1 años;Total;2019;1.293,7
Ambos sexos;De 6 meses a 1 años;Total;2018;1.262,7
Ambos sexos;De 6 meses a 1 años;Total;2017;1.181,5
Ambos sexos;De 6 meses a 1 años;Total;2016;1.138,5
Ambos sexos;De 6 meses a 1 años;Total;2015;1.042,6
Ambos sexos;De 6 meses a 1 años;Total;2014;944,7
Ambos sexos;De 6 meses a 1 años;Personas sin discapacidad;2020;1.103,5
Ambos sexos;De 6 meses a 1 años;Personas sin discapacidad;2019;1.260,1
Ambos sexos;De 6 meses a 1 años;Personas sin discapacidad;2018;1.233,1
Ambos sexos;De 6 meses a 1 años;Personas sin discapacidad;2017;1.157,0
Ambos sexos;De 6 meses a 1 años;Personas sin discapacidad;2016;1.115,0
Ambos sexos;De 6 meses a 1 años;Personas sin discapacidad;2015;1.021,0
Ambos sexos;De 6 meses a 1 años;Personas sin discapacidad;2014;925,8
Ambos sexos;De 6 meses a 1 años;Personas con discapacidad;2020;31,2
Ambos sexos;De 6 meses a 1 años;Personas con discapacidad;2019;33,6
Ambos sexos;De 6 meses a 1 años;Personas con discapacidad;2018;29,7
Ambos sexos;De 6 meses a 1 años;Personas con discapacidad;2017;24,5
Ambos sexos;De 6 meses a 1 años;Personas con discapacidad;2016;23,4
Ambos sexos;De 6 meses a 1 años;Personas con discapacidad;2015;21,6
Ambos sexos;De 6 meses a 1 años;Personas con discapacidad;2014;18,9
Ambos sexos;De 6 meses a 1 años;Porcentaje vertical: Total;2020;6,0
Ambos sexos;De 6 meses a 1 años;Porcentaje vertical: Total;2019;6,6
Ambos sexos;De 6 meses a 1 años;Porcentaje vertical: Total;2018;6,6
Ambos sexos;De 6 meses a 1 años;Porcentaje vertical: Total;2017;6,3
Ambos sexos;De 6 meses a 1 años;Porcentaje vertical: Total;2016;6,3
Ambos sexos;De 6 meses a 1 años;Porcentaje vertical: Total;2015;5,9
Ambos sexos;De 6 meses a 1 años;Porcentaje vertical: Total;2014;5,5
Ambos sexos;De 6 meses a 1 años;Porcentaje vertical: Personas sin discapacidad;2020;6,0
Ambos sexos;De 6 meses a 1 años;Porcentaje vertical: Personas sin discapacidad;2019;6,6
Ambos sexos;De 6 meses a 1 años;Porcentaje vertical: Personas sin discapacidad;2018;6,6
Ambos sexos;De 6 meses a 1 años;Porcentaje vertical: Personas sin discapacidad;2017;6,4
Ambos sexos;De 6 meses a 1 años;Porcentaje vertical: Personas sin discapacidad;2016;6,3
Ambos sexos;De 6 meses a 1 años;Porcentaje vertical: Personas sin discapacidad;2015;5,9
Ambos sexos;De 6 meses a 1 años;Porcentaje vertical: Personas sin discapacidad;2014;5,5
Ambos sexos;De 6 meses a 1 años;Porcentaje vertical: Personas con discapacidad;2020;6,0
Ambos sexos;De 6 meses a 1 años;Porcentaje vertical: Personas con discapacidad;2019;6,9
Ambos sexos;De 6 meses a 1 años;Porcentaje vertical: Personas con discapacidad;2018;6,1
Ambos sexos;De 6 meses a 1 años;Porcentaje vertical: Personas con discapacidad;2017;5,1
Ambos sexos;De 6 meses a 1 años;Porcentaje vertical: Personas con discapacidad;2016;5,1
Ambos sexos;De 6 meses a 1 años;Porcentaje vertical: Personas con discapacidad;2015;5,2
Ambos sexos;De 6 meses a 1 años;Porcentaje vertical: Personas con discapacidad;2014;4,8
Ambos sexos;De 1 a 3 años;Total;2020;2.991,0
Ambos sexos;De 1 a 3 años;Total;2019;3.051,5
Ambos sexos;De 1 a 3 años;Total;2018;2.940,9
Ambos sexos;De 1 a 3 años;Total;2017;2.736,5
Ambos sexos;De 1 a 3 años;Total;2016;2.469,3
Ambos sexos;De 1 a 3 años;Total;2015;2.210,9
Ambos sexos;De 1 a 3 años;Total;2014;2.039,1
Ambos sexos;De 1 a 3 años;Personas sin discapacidad;2020;2.907,5
Ambos sexos;De 1 a 3 años;Personas sin discapacidad;2019;2.984,2
Ambos sexos;De 1 a 3 años;Personas sin discapacidad;2018;2.867,7
Ambos sexos;De 1 a 3 años;Personas sin discapacidad;2017;2.668,9
Ambos sexos;De 1 a 3 años;Personas sin discapacidad;2016;2.406,7
Ambos sexos;De 1 a 3 años;Personas sin discapacidad;2015;2.164,5
Ambos sexos;De 1 a 3 años;Personas sin discapacidad;2014;2.003,0
Ambos sexos;De 1 a 3 años;Personas con discapacidad;2020;83,5
Ambos sexos;De 1 a 3 años;Personas con discapacidad;2019;67,3
Ambos sexos;De 1 a 3 años;Personas con discapacidad;2018;73,2
Ambos sexos;De 1 a 3 años;Personas con discapacidad;2017;67,6
Ambos sexos;De 1 a 3 años;Personas con discapacidad;2016;62,6
Ambos sexos;De 1 a 3 años;Personas con discapacidad;2015;46,4
Ambos sexos;De 1 a 3 años;Personas con discapacidad;2014;36,2
Ambos sexos;De 1 a 3 años;Porcentaje vertical: Total;2020;15,8
Ambos sexos;De 1 a 3 años;Porcentaje vertical: Total;2019;15,6
Ambos sexos;De 1 a 3 años;Porcentaje vertical: Total;2018;15,4
Ambos sexos;De 1 a 3 años;Porcentaje vertical: Total;2017;14,7
Ambos sexos;De 1 a 3 años;Porcentaje vertical: Total;2016;13,6
Ambos sexos;De 1 a 3 años;Porcentaje vertical: Total;2015;12,5
Ambos sexos;De 1 a 3 años;Porcentaje vertical: Total;2014;11,8
Ambos sexos;De 1 a 3 años;Porcentaje vertical: Personas sin discapacidad;2020;15,8
Ambos sexos;De 1 a 3 años;Porcentaje vertical: Personas sin discapacidad;2019;15,6
Ambos sexos;De 1 a 3 años;Porcentaje vertical: Personas sin discapacidad;2018;15,4
Ambos sexos;De 1 a 3 años;Porcentaje vertical: Personas sin discapacidad;2017;14,7
Ambos sexos;De 1 a 3 años;Porcentaje vertical: Personas sin discapacidad;2016;13,6
Ambos sexos;De 1 a 3 años;Porcentaje vertical: Personas sin discapacidad;2015;12,5
Ambos sexos;De 1 a 3 años;Porcentaje vertical: Personas sin discapacidad;2014;11,9
Ambos sexos;De 1 a 3 años;Porcentaje vertical: Personas con discapacidad;2020;16,2
Ambos sexos;De 1 a 3 años;Porcentaje vertical: Personas con discapacidad;2019;13,9
Ambos sexos;De 1 a 3 años;Porcentaje vertical: Personas con discapacidad;2018;15,0
Ambos sexos;De 1 a 3 años;Porcentaje vertical: Personas con discapacidad;2017;14,1
Ambos sexos;De 1 a 3 años;Porcentaje vertical: Personas con discapacidad;2016;13,5
Ambos sexos;De 1 a 3 años;Porcentaje vertical: Personas con discapacidad;2015;11,2
Ambos sexos;De 1 a 3 años;Porcentaje vertical: Personas con discapacidad;2014;9,2
Ambos sexos;Más de 3 años;Total;2020;13.113,9
Ambos sexos;Más de 3 años;Total;2019;13.058,9
Ambos sexos;Más de 3 años;Total;2018;12.753,0
Ambos sexos;Más de 3 años;Total;2017;12.612,9
Ambos sexos;Más de 3 años;Total;2016;12.601,5
Ambos sexos;Más de 3 años;Total;2015;12.554,5
Ambos sexos;Más de 3 años;Total;2014;12.464,8
Ambos sexos;Más de 3 años;Personas sin discapacidad;2020;12.755,1
Ambos sexos;Más de 3 años;Personas sin discapacidad;2019;12.725,2
Ambos sexos;Más de 3 años;Personas sin discapacidad;2018;12.420,3
Ambos sexos;Más de 3 años;Personas sin discapacidad;2017;12.273,9
Ambos sexos;Más de 3 años;Personas sin discapacidad;2016;12.265,0
Ambos sexos;Más de 3 años;Personas sin discapacidad;2015;12.244,9
Ambos sexos;Más de 3 años;Personas sin discapacidad;2014;12.155,5
Ambos sexos;Más de 3 años;Personas con discapacidad;2020;358,8
Ambos sexos;Más de 3 años;Personas con discapacidad;2019;333,7
Ambos sexos;Más de 3 años;Personas con discapacidad;2018;332,7
Ambos sexos;Más de 3 años;Personas con discapacidad;2017;339,0
Ambos sexos;Más de 3 años;Personas con discapacidad;2016;336,5
Ambos sexos;Más de 3 años;Personas con discapacidad;2015;309,6
Ambos sexos;Más de 3 años;Personas con discapacidad;2014;309,3
Ambos sexos;Más de 3 años;Porcentaje vertical: Total;2020;69,2
Ambos sexos;Más de 3 años;Porcentaje vertical: Total;2019;66,7
Ambos sexos;Más de 3 años;Porcentaje vertical: Total;2018;66,6
Ambos sexos;Más de 3 años;Porcentaje vertical: Total;2017;67,6
Ambos sexos;Más de 3 años;Porcentaje vertical: Total;2016;69,3
Ambos sexos;Más de 3 años;Porcentaje vertical: Total;2015;70,9
Ambos sexos;Más de 3 años;Porcentaje vertical: Total;2014;72,4
Ambos sexos;Más de 3 años;Porcentaje vertical: Personas sin discapacidad;2020;69,2
Ambos sexos;Más de 3 años;Porcentaje vertical: Personas sin discapacidad;2019;66,7
Ambos sexos;Más de 3 años;Porcentaje vertical: Personas sin discapacidad;2018;66,6
Ambos sexos;Más de 3 años;Porcentaje vertical: Personas sin discapacidad;2017;67,6
Ambos sexos;Más de 3 años;Porcentaje vertical: Personas sin discapacidad;2016;69,2
Ambos sexos;Más de 3 años;Porcentaje vertical: Personas sin discapacidad;2015;70,8
Ambos sexos;Más de 3 años;Porcentaje vertical: Personas sin discapacidad;2014;72,3
Ambos sexos;Más de 3 años;Porcentaje vertical: Personas con discapacidad;2020;69,5
Ambos sexos;Más de 3 años;Porcentaje vertical: Personas con discapacidad;2019;68,7
Ambos sexos;Más de 3 años;Porcentaje vertical: Personas con discapacidad;2018;68,0
Ambos sexos;Más de 3 años;Porcentaje vertical: Personas con discapacidad;2017;70,5
Ambos sexos;Más de 3 años;Porcentaje vertical: Personas con discapacidad;2016;72,8
Ambos sexos;Más de 3 años;Porcentaje vertical: Personas con discapacidad;2015;74,6
Ambos sexos;Más de 3 años;Porcentaje vertical: Personas con discapacidad;2014;78,4
Hombres;Total;Total;2020;10.288,4
Hombres;Total;Total;2019;10.622,8
Hombres;Total;Total;2018;10.419,6
Hombres;Total;Total;2017;10.162,0
Hombres;Total;Total;2016;9.910,2
Hombres;Total;Total;2015;9.676,0
Hombres;Total;Total;2014;9.363,8
Hombres;Total;Personas sin discapacidad;2020;9.998,2
Hombres;Total;Personas sin discapacidad;2019;10.340,3
Hombres;Total;Personas sin discapacidad;2018;10.134,2
Hombres;Total;Personas sin discapacidad;2017;9.883,8
Hombres;Total;Personas sin discapacidad;2016;9.642,7
Hombres;Total;Personas sin discapacidad;2015;9.432,7
Hombres;Total;Personas sin discapacidad;2014;9.130,6
Hombres;Total;Personas con discapacidad;2020;290,2
Hombres;Total;Personas con discapacidad;2019;282,6
Hombres;Total;Personas con discapacidad;2018;285,4
Hombres;Total;Personas con discapacidad;2017;278,1
Hombres;Total;Personas con discapacidad;2016;267,5
Hombres;Total;Personas con discapacidad;2015;243,3
Hombres;Total;Personas con discapacidad;2014;233,2
Hombres;Total;Porcentaje vertical: Total;2020;100,0
Hombres;Total;Porcentaje vertical: Total;2019;100,0
Hombres;Total;Porcentaje vertical: Total;2018;100,0
Hombres;Total;Porcentaje vertical: Total;2017;100,0
Hombres;Total;Porcentaje vertical: Total;2016;100,0
Hombres;Total;Porcentaje vertical: Total;2015;100,0
Hombres;Total;Porcentaje vertical: Total;2014;100,0
Hombres;Total;Porcentaje vertical: Personas sin discapacidad;2020;100,0
Hombres;Total;Porcentaje vertical: Personas sin discapacidad;2019;100,0
Hombres;Total;Porcentaje vertical: Personas sin discapacidad;2018;100,0
Hombres;Total;Porcentaje vertical: Personas sin discapacidad;2017;100,0
Hombres;Total;Porcentaje vertical: Personas sin discapacidad;2016;100,0
Hombres;Total;Porcentaje vertical: Personas sin discapacidad;2015;100,0
Hombres;Total;Porcentaje vertical: Personas sin discapacidad;2014;100,0
Hombres;Total;Porcentaje vertical: Personas con discapacidad;2020;100,0
Hombres;Total;Porcentaje vertical: Personas con discapacidad;2019;100,0
Hombres;Total;Porcentaje vertical: Personas con discapacidad;2018;100,0
Hombres;Total;Porcentaje vertical: Personas con discapacidad;2017;100,0
Hombres;Total;Porcentaje vertical: Personas con discapacidad;2016;100,0
Hombres;Total;Porcentaje vertical: Personas con discapacidad;2015;100,0
Hombres;Total;Porcentaje vertical: Personas con discapacidad;2014;100,0
Hombres;Menos de 6 meses;Total;2020;899,9
Hombres;Menos de 6 meses;Total;2019;1.148,4
Hombres;Menos de 6 meses;Total;2018;1.151,1
Hombres;Menos de 6 meses;Total;2017;1.128,8
Hombres;Menos de 6 meses;Total;2016;1.050,1
Hombres;Menos de 6 meses;Total;2015;1.056,1
Hombres;Menos de 6 meses;Total;2014;963,4
Hombres;Menos de 6 meses;Personas sin discapacidad;2020;876,5
Hombres;Menos de 6 meses;Personas sin discapacidad;2019;1.119,9
Hombres;Menos de 6 meses;Personas sin discapacidad;2018;1.121,4
Hombres;Menos de 6 meses;Personas sin discapacidad;2017;1.098,6
Hombres;Menos de 6 meses;Personas sin discapacidad;2016;1.028,6
Hombres;Menos de 6 meses;Personas sin discapacidad;2015;1.032,7
Hombres;Menos de 6 meses;Personas sin discapacidad;2014;945,6
Hombres;Menos de 6 meses;Personas con discapacidad;2020;23,4
Hombres;Menos de 6 meses;Personas con discapacidad;2019;28,5
Hombres;Menos de 6 meses;Personas con discapacidad;2018;29,7
Hombres;Menos de 6 meses;Personas con discapacidad;2017;30,2
Hombres;Menos de 6 meses;Personas con discapacidad;2016;21,5
Hombres;Menos de 6 meses;Personas con discapacidad;2015;23,4
Hombres;Menos de 6 meses;Personas con discapacidad;2014;17,8
Hombres;Menos de 6 meses;Porcentaje vertical: Total;2020;8,7
Hombres;Menos de 6 meses;Porcentaje vertical: Total;2019;10,8
Hombres;Menos de 6 meses;Porcentaje vertical: Total;2018;11,0
Hombres;Menos de 6 meses;Porcentaje vertical: Total;2017;11,1
Hombres;Menos de 6 meses;Porcentaje vertical: Total;2016;10,6
Hombres;Menos de 6 meses;Porcentaje vertical: Total;2015;10,9
Hombres;Menos de 6 meses;Porcentaje vertical: Total;2014;10,3
Hombres;Menos de 6 meses;Porcentaje vertical: Personas sin discapacidad;2020;8,8
Hombres;Menos de 6 meses;Porcentaje vertical: Personas sin discapacidad;2019;10,8
Hombres;Menos de 6 meses;Porcentaje vertical: Personas sin discapacidad;2018;11,1
Hombres;Menos de 6 meses;Porcentaje vertical: Personas sin discapacidad;2017;11,1
Hombres;Menos de 6 meses;Porcentaje vertical: Personas sin discapacidad;2016;10,7
Hombres;Menos de 6 meses;Porcentaje vertical: Personas sin discapacidad;2015;10,9
Hombres;Menos de 6 meses;Porcentaje vertical: Personas sin discapacidad;2014;10,4
Hombres;Menos de 6 meses;Porcentaje vertical: Personas con discapacidad;2020;8,1
Hombres;Menos de 6 meses;Porcentaje vertical: Personas con discapacidad;2019;10,1
Hombres;Menos de 6 meses;Porcentaje vertical: Personas con discapacidad;2018;10,4
Hombres;Menos de 6 meses;Porcentaje vertical: Personas con discapacidad;2017;10,9
Hombres;Menos de 6 meses;Porcentaje vertical: Personas con discapacidad;2016;8,0
Hombres;Menos de 6 meses;Porcentaje vertical: Personas con discapacidad;2015;9,6
Hombres;Menos de 6 meses;Porcentaje vertical: Personas con discapacidad;2014;7,6
Hombres;De 6 meses a 1 años;Total;2020;584,6
Hombres;De 6 meses a 1 años;Total;2019;686,8
Hombres;De 6 meses a 1 años;Total;2018;670,2
Hombres;De 6 meses a 1 años;Total;2017;617,0
Hombres;De 6 meses a 1 años;Total;2016;633,2
Hombres;De 6 meses a 1 años;Total;2015;560,2
Hombres;De 6 meses a 1 años;Total;2014;507,1
Hombres;De 6 meses a 1 años;Personas sin discapacidad;2020;566,9
Hombres;De 6 meses a 1 años;Personas sin discapacidad;2019;668,9
Hombres;De 6 meses a 1 años;Personas sin discapacidad;2018;652,7
Hombres;De 6 meses a 1 años;Personas sin discapacidad;2017;603,6
Hombres;De 6 meses a 1 años;Personas sin discapacidad;2016;619,8
Hombres;De 6 meses a 1 años;Personas sin discapacidad;2015;547,2
Hombres;De 6 meses a 1 años;Personas sin discapacidad;2014;496,0
Hombres;De 6 meses a 1 años;Personas con discapacidad;2020;17,8
Hombres;De 6 meses a 1 años;Personas con discapacidad;2019;17,9
Hombres;De 6 meses a 1 años;Personas con discapacidad;2018;17,5
Hombres;De 6 meses a 1 años;Personas con discapacidad;2017;13,5
Hombres;De 6 meses a 1 años;Personas con discapacidad;2016;13,4
Hombres;De 6 meses a 1 años;Personas con discapacidad;2015;13,0
Hombres;De 6 meses a 1 años;Personas con discapacidad;2014;11,1
Hombres;De 6 meses a 1 años;Porcentaje vertical: Total;2020;5,7
Hombres;De 6 meses a 1 años;Porcentaje vertical: Total;2019;6,5
Hombres;De 6 meses a 1 años;Porcentaje vertical: Total;2018;6,4
Hombres;De 6 meses a 1 años;Porcentaje vertical: Total;2017;6,1
Hombres;De 6 meses a 1 años;Porcentaje vertical: Total;2016;6,4
Hombres;De 6 meses a 1 años;Porcentaje vertical: Total;2015;5,8
Hombres;De 6 meses a 1 años;Porcentaje vertical: Total;2014;5,4
Hombres;De 6 meses a 1 años;Porcentaje vertical: Personas sin discapacidad;2020;5,7
Hombres;De 6 meses a 1 años;Porcentaje vertical: Personas sin discapacidad;2019;6,5
Hombres;De 6 meses a 1 años;Porcentaje vertical: Personas sin discapacidad;2018;6,4
Hombres;De 6 meses a 1 años;Porcentaje vertical: Personas sin discapacidad;2017;6,1
Hombres;De 6 meses a 1 años;Porcentaje vertical: Personas sin discapacidad;2016;6,4
Hombres;De 6 meses a 1 años;Porcentaje vertical: Personas sin discapacidad;2015;5,8
Hombres;De 6 meses a 1 años;Porcentaje vertical: Personas sin discapacidad;2014;5,4
Hombres;De 6 meses a 1 años;Porcentaje vertical: Personas con discapacidad;2020;6,1
Hombres;De 6 meses a 1 años;Porcentaje vertical: Personas con discapacidad;2019;6,3
Hombres;De 6 meses a 1 años;Porcentaje vertical: Personas con discapacidad;2018;6,1
Hombres;De 6 meses a 1 años;Porcentaje vertical: Personas con discapacidad;2017;4,9
Hombres;De 6 meses a 1 años;Porcentaje vertical: Personas con discapacidad;2016;5,0
Hombres;De 6 meses a 1 años;Porcentaje vertical: Personas con discapacidad;2015;5,3
Hombres;De 6 meses a 1 años;Porcentaje vertical: Personas con discapacidad;2014;4,8
Hombres;De 1 a 3 años;Total;2020;1.611,2
Hombres;De 1 a 3 años;Total;2019;1.636,6
Hombres;De 1 a 3 años;Total;2018;1.560,2
Hombres;De 1 a 3 años;Total;2017;1.472,2
Hombres;De 1 a 3 años;Total;2016;1.337,0
Hombres;De 1 a 3 años;Total;2015;1.174,4
Hombres;De 1 a 3 años;Total;2014;1.046,0
Hombres;De 1 a 3 años;Personas sin discapacidad;2020;1.563,9
Hombres;De 1 a 3 años;Personas sin discapacidad;2019;1.596,0
Hombres;De 1 a 3 años;Personas sin discapacidad;2018;1.517,6
Hombres;De 1 a 3 años;Personas sin discapacidad;2017;1.430,6
Hombres;De 1 a 3 años;Personas sin discapacidad;2016;1.301,3
Hombres;De 1 a 3 años;Personas sin discapacidad;2015;1.146,6
Hombres;De 1 a 3 años;Personas sin discapacidad;2014;1.025,1
Hombres;De 1 a 3 años;Personas con discapacidad;2020;47,3
Hombres;De 1 a 3 años;Personas con discapacidad;2019;40,6
Hombres;De 1 a 3 años;Personas con discapacidad;2018;42,6
Hombres;De 1 a 3 años;Personas con discapacidad;2017;41,6
Hombres;De 1 a 3 años;Personas con discapacidad;2016;35,7
Hombres;De 1 a 3 años;Personas con discapacidad;2015;27,8
Hombres;De 1 a 3 años;Personas con discapacidad;2014;20,9
Hombres;De 1 a 3 años;Porcentaje vertical: Total;2020;15,7
Hombres;De 1 a 3 años;Porcentaje vertical: Total;2019;15,4
Hombres;De 1 a 3 años;Porcentaje vertical: Total;2018;15,0
Hombres;De 1 a 3 años;Porcentaje vertical: Total;2017;14,5
Hombres;De 1 a 3 años;Porcentaje vertical: Total;2016;13,5
Hombres;De 1 a 3 años;Porcentaje vertical: Total;2015;12,1
Hombres;De 1 a 3 años;Porcentaje vertical: Total;2014;11,2
Hombres;De 1 a 3 años;Porcentaje vertical: Personas sin discapacidad;2020;15,6
Hombres;De 1 a 3 años;Porcentaje vertical: Personas sin discapacidad;2019;15,4
Hombres;De 1 a 3 años;Porcentaje vertical: Personas sin discapacidad;2018;15,0
Hombres;De 1 a 3 años;Porcentaje vertical: Personas sin discapacidad;2017;14,5
Hombres;De 1 a 3 años;Porcentaje vertical: Personas sin discapacidad;2016;13,5
Hombres;De 1 a 3 años;Porcentaje vertical: Personas sin discapacidad;2015;12,2
Hombres;De 1 a 3 años;Porcentaje vertical: Personas sin discapacidad;2014;11,2
Hombres;De 1 a 3 años;Porcentaje vertical: Personas con discapacidad;2020;16,3
Hombres;De 1 a 3 años;Porcentaje vertical: Personas con discapacidad;2019;14,4
Hombres;De 1 a 3 años;Porcentaje vertical: Personas con discapacidad;2018;14,9
Hombres;De 1 a 3 años;Porcentaje vertical: Personas con discapacidad;2017;15,0
Hombres;De 1 a 3 años;Porcentaje vertical: Personas con discapacidad;2016;13,4
Hombres;De 1 a 3 años;Porcentaje vertical: Personas con discapacidad;2015;11,4
Hombres;De 1 a 3 años;Porcentaje vertical: Personas con discapacidad;2014;9,0
Hombres;Más de 3 años;Total;2020;7.192,7
Hombres;Más de 3 años;Total;2019;7.151,0
Hombres;Más de 3 años;Total;2018;7.038,1
Hombres;Más de 3 años;Total;2017;6.943,8
Hombres;Más de 3 años;Total;2016;6.889,8
Hombres;Más de 3 años;Total;2015;6.885,3
Hombres;Más de 3 años;Total;2014;6.847,1
Hombres;Más de 3 años;Personas sin discapacidad;2020;6.991,0
Hombres;Más de 3 años;Personas sin discapacidad;2019;6.955,5
Hombres;Más de 3 años;Personas sin discapacidad;2018;6.842,4
Hombres;Más de 3 años;Personas sin discapacidad;2017;6.751,1
Hombres;Más de 3 años;Personas sin discapacidad;2016;6.693,0
Hombres;Más de 3 años;Personas sin discapacidad;2015;6.706,1
Hombres;Más de 3 años;Personas sin discapacidad;2014;6.663,8
Hombres;Más de 3 años;Personas con discapacidad;2020;201,7
Hombres;Más de 3 años;Personas con discapacidad;2019;195,6
Hombres;Más de 3 años;Personas con discapacidad;2018;195,6
Hombres;Más de 3 años;Personas con discapacidad;2017;192,7
Hombres;Más de 3 años;Personas con discapacidad;2016;196,8
Hombres;Más de 3 años;Personas con discapacidad;2015;179,2
Hombres;Más de 3 años;Personas con discapacidad;2014;183,3
Hombres;Más de 3 años;Porcentaje vertical: Total;2020;69,9
Hombres;Más de 3 años;Porcentaje vertical: Total;2019;67,3
Hombres;Más de 3 años;Porcentaje vertical: Total;2018;67,5
Hombres;Más de 3 años;Porcentaje vertical: Total;2017;68,3
Hombres;Más de 3 años;Porcentaje vertical: Total;2016;69,5
Hombres;Más de 3 años;Porcentaje vertical: Total;2015;71,2
Hombres;Más de 3 años;Porcentaje vertical: Total;2014;73,1
Hombres;Más de 3 años;Porcentaje vertical: Personas sin discapacidad;2020;69,9
Hombres;Más de 3 años;Porcentaje vertical: Personas sin discapacidad;2019;67,3
Hombres;Más de 3 años;Porcentaje vertical: Personas sin discapacidad;2018;67,5
Hombres;Más de 3 años;Porcentaje vertical: Personas sin discapacidad;2017;68,3
Hombres;Más de 3 años;Porcentaje vertical: Personas sin discapacidad;2016;69,4
Hombres;Más de 3 años;Porcentaje vertical: Personas sin discapacidad;2015;71,1
Hombres;Más de 3 años;Porcentaje vertical: Personas sin discapacidad;2014;73,0
Hombres;Más de 3 años;Porcentaje vertical: Personas con discapacidad;2020;69,5
Hombres;Más de 3 años;Porcentaje vertical: Personas con discapacidad;2019;69,2
Hombres;Más de 3 años;Porcentaje vertical: Personas con discapacidad;2018;68,6
Hombres;Más de 3 años;Porcentaje vertical: Personas con discapacidad;2017;69,3
Hombres;Más de 3 años;Porcentaje vertical: Personas con discapacidad;2016;73,6
Hombres;Más de 3 años;Porcentaje vertical: Personas con discapacidad;2015;73,6
Hombres;Más de 3 años;Porcentaje vertical: Personas con discapacidad;2014;78,6
Mujeres;Total;Total;2020;8.669,1
Mujeres;Total;Total;2019;8.945,1
Mujeres;Total;Total;2018;8.716,7
Mujeres;Total;Total;2017;8.486,6
Mujeres;Total;Total;2016;8.272,5
Mujeres;Total;Total;2015;8.041,5
Mujeres;Total;Total;2014;7.846,8
Mujeres;Total;Personas sin discapacidad;2020;8.443,0
Mujeres;Total;Personas sin discapacidad;2019;8.741,7
Mujeres;Total;Personas sin discapacidad;2018;8.512,6
Mujeres;Total;Personas sin discapacidad;2017;8.283,7
Mujeres;Total;Personas sin discapacidad;2016;8.078,0
Mujeres;Total;Personas sin discapacidad;2015;7.870,0
Mujeres;Total;Personas sin discapacidad;2014;7.685,6
Mujeres;Total;Personas con discapacidad;2020;226,1
Mujeres;Total;Personas con discapacidad;2019;203,4
Mujeres;Total;Personas con discapacidad;2018;204,1
Mujeres;Total;Personas con discapacidad;2017;202,9
Mujeres;Total;Personas con discapacidad;2016;194,5
Mujeres;Total;Personas con discapacidad;2015;171,5
Mujeres;Total;Personas con discapacidad;2014;161,2
Mujeres;Total;Porcentaje vertical: Total;2020;100,0
Mujeres;Total;Porcentaje vertical: Total;2019;100,0
Mujeres;Total;Porcentaje vertical: Total;2018;100,0
Mujeres;Total;Porcentaje vertical: Total;2017;100,0
Mujeres;Total;Porcentaje vertical: Total;2016;100,0
Mujeres;Total;Porcentaje vertical: Total;2015;100,0
Mujeres;Total;Porcentaje vertical: Total;2014;100,0
Mujeres;Total;Porcentaje vertical: Personas sin discapacidad;2020;100,0
Mujeres;Total;Porcentaje vertical: Personas sin discapacidad;2019;100,0
Mujeres;Total;Porcentaje vertical: Personas sin discapacidad;2018;100,0
Mujeres;Total;Porcentaje vertical: Personas sin discapacidad;2017;100,0
Mujeres;Total;Porcentaje vertical: Personas sin discapacidad;2016;100,0
Mujeres;Total;Porcentaje vertical: Personas sin discapacidad;2015;100,0
Mujeres;Total;Porcentaje vertical: Personas sin discapacidad;2014;100,0
Mujeres;Total;Porcentaje vertical: Personas con discapacidad;2020;100,0
Mujeres;Total;Porcentaje vertical: Personas con discapacidad;2019;100,0
Mujeres;Total;Porcentaje vertical: Personas con discapacidad;2018;100,0
Mujeres;Total;Porcentaje vertical: Personas con discapacidad;2017;100,0
Mujeres;Total;Porcentaje vertical: Personas con discapacidad;2016;100,0
Mujeres;Total;Porcentaje vertical: Personas con discapacidad;2015;100,0
Mujeres;Total;Porcentaje vertical: Personas con discapacidad;2014;100,0
Mujeres;Menos de 6 meses;Total;2020;818,0
Mujeres;Menos de 6 meses;Total;2019;1.015,5
Mujeres;Menos de 6 meses;Total;2018;1.028,7
Mujeres;Menos de 6 meses;Total;2017;988,7
Mujeres;Menos de 6 meses;Total;2016;923,3
Mujeres;Menos de 6 meses;Total;2015;853,5
Mujeres;Menos de 6 meses;Total;2014;798,5
Mujeres;Menos de 6 meses;Personas sin discapacidad;2020;798,6
Mujeres;Menos de 6 meses;Personas sin discapacidad;2019;992,6
Mujeres;Menos de 6 meses;Personas sin discapacidad;2018;1.004,4
Mujeres;Menos de 6 meses;Personas sin discapacidad;2017;969,2
Mujeres;Menos de 6 meses;Personas sin discapacidad;2016;905,3
Mujeres;Menos de 6 meses;Personas sin discapacidad;2015;839,7
Mujeres;Menos de 6 meses;Personas sin discapacidad;2014;786,2
Mujeres;Menos de 6 meses;Personas con discapacidad;2020;19,4
Mujeres;Menos de 6 meses;Personas con discapacidad;2019;22,9
Mujeres;Menos de 6 meses;Personas con discapacidad;2018;24,3
Mujeres;Menos de 6 meses;Personas con discapacidad;2017;19,6
Mujeres;Menos de 6 meses;Personas con discapacidad;2016;18,0
Mujeres;Menos de 6 meses;Personas con discapacidad;2015;13,8
Mujeres;Menos de 6 meses;Personas con discapacidad;2014;12,3
Mujeres;Menos de 6 meses;Porcentaje vertical: Total;2020;9,4
Mujeres;Menos de 6 meses;Porcentaje vertical: Total;2019;11,4
Mujeres;Menos de 6 meses;Porcentaje vertical: Total;2018;11,8
Mujeres;Menos de 6 meses;Porcentaje vertical: Total;2017;11,7
Mujeres;Menos de 6 meses;Porcentaje vertical: Total;2016;11,2
Mujeres;Menos de 6 meses;Porcentaje vertical: Total;2015;10,6
Mujeres;Menos de 6 meses;Porcentaje vertical: Total;2014;10,2
Mujeres;Menos de 6 meses;Porcentaje vertical: Personas sin discapacidad;2020;9,5
Mujeres;Menos de 6 meses;Porcentaje vertical: Personas sin discapacidad;2019;11,4
Mujeres;Menos de 6 meses;Porcentaje vertical: Personas sin discapacidad;2018;11,8
Mujeres;Menos de 6 meses;Porcentaje vertical: Personas sin discapacidad;2017;11,7
Mujeres;Menos de 6 meses;Porcentaje vertical: Personas sin discapacidad;2016;11,2
Mujeres;Menos de 6 meses;Porcentaje vertical: Personas sin discapacidad;2015;10,7
Mujeres;Menos de 6 meses;Porcentaje vertical: Personas sin discapacidad;2014;10,2
Mujeres;Menos de 6 meses;Porcentaje vertical: Personas con discapacidad;2020;8,6
Mujeres;Menos de 6 meses;Porcentaje vertical: Personas con discapacidad;2019;11,2
Mujeres;Menos de 6 meses;Porcentaje vertical: Personas con discapacidad;2018;11,9
Mujeres;Menos de 6 meses;Porcentaje vertical: Personas con discapacidad;2017;9,7
Mujeres;Menos de 6 meses;Porcentaje vertical: Personas con discapacidad;2016;9,2
Mujeres;Menos de 6 meses;Porcentaje vertical: Personas con discapacidad;2015;8,0
Mujeres;Menos de 6 meses;Porcentaje vertical: Personas con discapacidad;2014;7,6
Mujeres;De 6 meses a 1 años;Total;2020;550,1
Mujeres;De 6 meses a 1 años;Total;2019;606,9
Mujeres;De 6 meses a 1 años;Total;2018;592,6
Mujeres;De 6 meses a 1 años;Total;2017;564,5
Mujeres;De 6 meses a 1 años;Total;2016;505,2
Mujeres;De 6 meses a 1 años;Total;2015;482,4
Mujeres;De 6 meses a 1 años;Total;2014;437,6
Mujeres;De 6 meses a 1 años;Personas sin discapacidad;2020;536,6
Mujeres;De 6 meses a 1 años;Personas sin discapacidad;2019;591,2
Mujeres;De 6 meses a 1 años;Personas sin discapacidad;2018;580,3
Mujeres;De 6 meses a 1 años;Personas sin discapacidad;2017;553,5
Mujeres;De 6 meses a 1 años;Personas sin discapacidad;2016;495,2
Mujeres;De 6 meses a 1 años;Personas sin discapacidad;2015;473,7
Mujeres;De 6 meses a 1 años;Personas sin discapacidad;2014;429,8
Mujeres;De 6 meses a 1 años;Personas con discapacidad;2020;13,4
Mujeres;De 6 meses a 1 años;Personas con discapacidad;2019;15,6
Mujeres;De 6 meses a 1 años;Personas con discapacidad;2018;12,2
Mujeres;De 6 meses a 1 años;Personas con discapacidad;2017;11,0
Mujeres;De 6 meses a 1 años;Personas con discapacidad;2016;10,0
Mujeres;De 6 meses a 1 años;Personas con discapacidad;2015;8,6
Mujeres;De 6 meses a 1 años;Personas con discapacidad;2014;7,8
Mujeres;De 6 meses a 1 años;Porcentaje vertical: Total;2020;6,3
Mujeres;De 6 meses a 1 años;Porcentaje vertical: Total;2019;6,8
Mujeres;De 6 meses a 1 años;Porcentaje vertical: Total;2018;6,8
Mujeres;De 6 meses a 1 años;Porcentaje vertical: Total;2017;6,7
Mujeres;De 6 meses a 1 años;Porcentaje vertical: Total;2016;6,1
Mujeres;De 6 meses a 1 años;Porcentaje vertical: Total;2015;6,0
Mujeres;De 6 meses a 1 años;Porcentaje vertical: Total;2014;5,6
Mujeres;De 6 meses a 1 años;Porcentaje vertical: Personas sin discapacidad;2020;6,4
Mujeres;De 6 meses a 1 años;Porcentaje vertical: Personas sin discapacidad;2019;6,8
Mujeres;De 6 meses a 1 años;Porcentaje vertical: Personas sin discapacidad;2018;6,8
Mujeres;De 6 meses a 1 años;Porcentaje vertical: Personas sin discapacidad;2017;6,7
Mujeres;De 6 meses a 1 años;Porcentaje vertical: Personas sin discapacidad;2016;6,1
Mujeres;De 6 meses a 1 años;Porcentaje vertical: Personas sin discapacidad;2015;6,0
Mujeres;De 6 meses a 1 años;Porcentaje vertical: Personas sin discapacidad;2014;5,6
Mujeres;De 6 meses a 1 años;Porcentaje vertical: Personas con discapacidad;2020;5,9
Mujeres;De 6 meses a 1 años;Porcentaje vertical: Personas con discapacidad;2019;7,7
Mujeres;De 6 meses a 1 años;Porcentaje vertical: Personas con discapacidad;2018;6,0
Mujeres;De 6 meses a 1 años;Porcentaje vertical: Personas con discapacidad;2017;5,4
Mujeres;De 6 meses a 1 años;Porcentaje vertical: Personas con discapacidad;2016;5,1
Mujeres;De 6 meses a 1 años;Porcentaje vertical: Personas con discapacidad;2015;5,0
Mujeres;De 6 meses a 1 años;Porcentaje vertical: Personas con discapacidad;2014;4,8
Mujeres;De 1 a 3 años;Total;2020;1.379,9
Mujeres;De 1 a 3 años;Total;2019;1.414,9
Mujeres;De 1 a 3 años;Total;2018;1.380,6
Mujeres;De 1 a 3 años;Total;2017;1.264,3
Mujeres;De 1 a 3 años;Total;2016;1.132,2
Mujeres;De 1 a 3 años;Total;2015;1.036,5
Mujeres;De 1 a 3 años;Total;2014;993,1
Mujeres;De 1 a 3 años;Personas sin discapacidad;2020;1.343,6
Mujeres;De 1 a 3 años;Personas sin discapacidad;2019;1.388,2
Mujeres;De 1 a 3 años;Personas sin discapacidad;2018;1.350,0
Mujeres;De 1 a 3 años;Personas sin discapacidad;2017;1.238,3
Mujeres;De 1 a 3 años;Personas sin discapacidad;2016;1.105,4
Mujeres;De 1 a 3 años;Personas sin discapacidad;2015;1.017,8
Mujeres;De 1 a 3 años;Personas sin discapacidad;2014;977,9
Mujeres;De 1 a 3 años;Personas con discapacidad;2020;36,2
Mujeres;De 1 a 3 años;Personas con discapacidad;2019;26,7
Mujeres;De 1 a 3 años;Personas con discapacidad;2018;30,6
Mujeres;De 1 a 3 años;Personas con discapacidad;2017;26,0
Mujeres;De 1 a 3 años;Personas con discapacidad;2016;26,8
Mujeres;De 1 a 3 años;Personas con discapacidad;2015;18,7
Mujeres;De 1 a 3 años;Personas con discapacidad;2014;15,2
Mujeres;De 1 a 3 años;Porcentaje vertical: Total;2020;15,9
Mujeres;De 1 a 3 años;Porcentaje vertical: Total;2019;15,8
Mujeres;De 1 a 3 años;Porcentaje vertical: Total;2018;15,8
Mujeres;De 1 a 3 años;Porcentaje vertical: Total;2017;14,9
Mujeres;De 1 a 3 años;Porcentaje vertical: Total;2016;13,7
Mujeres;De 1 a 3 años;Porcentaje vertical: Total;2015;12,9
Mujeres;De 1 a 3 años;Porcentaje vertical: Total;2014;12,7
Mujeres;De 1 a 3 años;Porcentaje vertical: Personas sin discapacidad;2020;15,9
Mujeres;De 1 a 3 años;Porcentaje vertical: Personas sin discapacidad;2019;15,9
Mujeres;De 1 a 3 años;Porcentaje vertical: Personas sin discapacidad;2018;15,9
Mujeres;De 1 a 3 años;Porcentaje vertical: Personas sin discapacidad;2017;14,9
Mujeres;De 1 a 3 años;Porcentaje vertical: Personas sin discapacidad;2016;13,7
Mujeres;De 1 a 3 años;Porcentaje vertical: Personas sin discapacidad;2015;12,9
Mujeres;De 1 a 3 años;Porcentaje vertical: Personas sin discapacidad;2014;12,7
Mujeres;De 1 a 3 años;Porcentaje vertical: Personas con discapacidad;2020;16,0
Mujeres;De 1 a 3 años;Porcentaje vertical: Personas con discapacidad;2019;13,1
Mujeres;De 1 a 3 años;Porcentaje vertical: Personas con discapacidad;2018;15,0
Mujeres;De 1 a 3 años;Porcentaje vertical: Personas con discapacidad;2017;12,8
Mujeres;De 1 a 3 años;Porcentaje vertical: Personas con discapacidad;2016;13,8
Mujeres;De 1 a 3 años;Porcentaje vertical: Personas con discapacidad;2015;10,9
Mujeres;De 1 a 3 años;Porcentaje vertical: Personas con discapacidad;2014;9,5
Mujeres;Más de 3 años;Total;2020;5.921,2
Mujeres;Más de 3 años;Total;2019;5.907,8
Mujeres;Más de 3 años;Total;2018;5.714,9
Mujeres;Más de 3 años;Total;2017;5.669,0
Mujeres;Más de 3 años;Total;2016;5.711,7
Mujeres;Más de 3 años;Total;2015;5.669,1
Mujeres;Más de 3 años;Total;2014;5.617,6
Mujeres;Más de 3 años;Personas sin discapacidad;2020;5.764,1
Mujeres;Más de 3 años;Personas sin discapacidad;2019;5.769,7
Mujeres;Más de 3 años;Personas sin discapacidad;2018;5.577,9
Mujeres;Más de 3 años;Personas sin discapacidad;2017;5.522,8
Mujeres;Más de 3 años;Personas sin discapacidad;2016;5.572,0
Mujeres;Más de 3 años;Personas sin discapacidad;2015;5.538,8
Mujeres;Más de 3 años;Personas sin discapacidad;2014;5.491,6
Mujeres;Más de 3 años;Personas con discapacidad;2020;157,1
Mujeres;Más de 3 años;Personas con discapacidad;2019;138,2
Mujeres;Más de 3 años;Personas con discapacidad;2018;137,0
Mujeres;Más de 3 años;Personas con discapacidad;2017;146,3
Mujeres;Más de 3 años;Personas con discapacidad;2016;139,7
Mujeres;Más de 3 años;Personas con discapacidad;2015;130,4
Mujeres;Más de 3 años;Personas con discapacidad;2014;126,0
Mujeres;Más de 3 años;Porcentaje vertical: Total;2020;68,3
Mujeres;Más de 3 años;Porcentaje vertical: Total;2019;66,0
Mujeres;Más de 3 años;Porcentaje vertical: Total;2018;65,6
Mujeres;Más de 3 años;Porcentaje vertical: Total;2017;66,8
Mujeres;Más de 3 años;Porcentaje vertical: Total;2016;69,0
Mujeres;Más de 3 años;Porcentaje vertical: Total;2015;70,5
Mujeres;Más de 3 años;Porcentaje vertical: Total;2014;71,6
Mujeres;Más de 3 años;Porcentaje vertical: Personas sin discapacidad;2020;68,3
Mujeres;Más de 3 años;Porcentaje vertical: Personas sin discapacidad;2019;66,0
Mujeres;Más de 3 años;Porcentaje vertical: Personas sin discapacidad;2018;65,5
Mujeres;Más de 3 años;Porcentaje vertical: Personas sin discapacidad;2017;66,7
Mujeres;Más de 3 años;Porcentaje vertical: Personas sin discapacidad;2016;69,0
Mujeres;Más de 3 años;Porcentaje vertical: Personas sin discapacidad;2015;70,4
Mujeres;Más de 3 años;Porcentaje vertical: Personas sin discapacidad;2014;71,5
Mujeres;Más de 3 años;Porcentaje vertical: Personas con discapacidad;2020;69,5
Mujeres;Más de 3 años;Porcentaje vertical: Personas con discapacidad;2019;67,9
Mujeres;Más de 3 años;Porcentaje vertical: Personas con discapacidad;2018;67,1
Mujeres;Más de 3 años;Porcentaje vertical: Personas con discapacidad;2017;72,1
Mujeres;Más de 3 años;Porcentaje vertical: Personas con discapacidad;2016;71,8
Mujeres;Más de 3 años;Porcentaje vertical: Personas con discapacidad;2015;76,0
Mujeres;Más de 3 años;Porcentaje vertical: Personas con discapacidad;2014;78,1
